Date,Ventilators - Total Capacity,Ventilators in Use - Total,Ventilators in Use - COVID-19,Ventilators in Use - COVID-19 Patients,Ventilators in Use - COVID-19 PUI,Ventilators in Use - Non-COVID-19,Ventilators Available - Total,Ventilators Available - Hospital,Ventilators Available - EAMC Cache,Ventilator Surge Capacity,ICU Beds - Total Capacity,ICU Beds - Adult,ICU Beds - Pediatric,ICU Beds in Use - Total,ICU Beds in Use - COVID-19,ICU Beds in Use - COVID-19 Patients,ICU Beds in Use - COVID-19 PUI,ICU Beds in Use - Non-COVID-19,ICU Beds Available - Total,ICU Beds Available - Adult,ICU Beds Available - Pediatric,ICU Beds Surge Capacity - Adult,ICU Beds Surge Capacity - Pediatric,Acute Non-ICE Beds - Total Capacity,Acute Non-ICU Beds in Use - Total,Acute Non-ICU Beds in Use - COVID-19,Acute Non-ICU Beds in Use - COVID-19 Patients,Acute Non-ICU Beds in Use - COVID-19 PUI,Acute Non-ICU Beds in Use- Non-COVID-19,Acute Non-ICU Beds Available - Total,Combined Hospital Beds in Use - COVID-19,Daily Update PDF,Date,Cases - Total,Deaths - Total,Cases - Age 0-17,Cases - Age 18-29,Cases - Age 30-39,Cases - Age 40-49,Cases - Age 50-59,Cases - Age 60-69,Cases - Age 70-79,Cases -  Age 80+,Cases - Age Unknown,Cases - Female,Cases - Male,Cases - Unknown Gender,Cases - Latinx,Cases - Asian Non-Latinx,Cases - Black Non-Latinx,Cases - White Non-Latinx,Cases - Other Race Non-Latinx,Cases - Unknown Race/Ethnicity,Deaths - Age 0-17,Deaths - Age 18-29,Deaths - Age 30-39,Deaths - Age 40-49,Deaths - Age 50-59,Deaths - Age 60-69,Deaths - Age 70-79,Deaths - Age 80+,Deaths - Age Unknown,Deaths - Female,Deaths - Male,Deaths - Unknown Gender,Deaths - Latinx,Deaths - Asian Non-Latinx,Deaths - Black Non-Latinx,Deaths - White Non-Latinx,Deaths - Other Race Non-Latinx,Deaths - Unknown Race/Ethnicity
,,,,,,,,,,,,,,,,,,,,,,,,,,,,,,,,,,132,0,1,25,31,22,23,14,9,5,2,65,61,6,22,6,31,11,6,56,0,0,0,0,0,0,0,0,0,0,0,0,0,0,0,0,0,0
,,,,,,,,,,,,,,,,,,,,,,,,,,,,,,,,,,1,0,0,0,0,0,0,1,0,0,0,1,0,0,0,1,0,0,0,0,0,0,0,0,0,0,0,0,0,0,0,0,0,0,0,0,0,0
,,,,,,,,,,,,,,,,,,,,,,,,,,,,,,,,,,1,0,0,0,0,0,1,0,0,0,0,0,1,0,1,0,0,0,0,0,0,0,0,0,0,0,0,0,0,0,0,0,0,0,0,0,0,0
,,,,,,,,,,,,,,,,,,,,,,,,,,,,,,,,,,1,0,0,0,0,0,1,0,0,0,0,1,0,0,0,0,1,0,0,0,0,0,0,0,0,0,0,0,0,0,0,0,0,0,0,0,0,0
,,,,,,,,,,,,,,,,,,,,,,,,,,,,,,,,,,3,0,0,0,0,2,0,1,0,0,0,0,3,0,0,0,0,3,0,0,0,0,0,0,0,0,0,0,0,0,0,0,0,0,0,0,0,0
,,,,,,,,,,,,,,,,,,,,,,,,,,,,,,,,,,3,0,0,0,0,0,1,0,2,0,0,3,0,0,0,0,2,1,0,0,0,0,0,0,0,0,0,0,0,0,0,0,0,0,0,0,0,0
,,,,,,,,,,,,,,,,,,,,,,,,,,,,,,,,,,3,0,0,0,1,1,0,0,1,0,0,1,2,0,1,0,0,2,0,0,0,0,0,0,0,0,0,0,0,0,0,0,0,0,0,0,0,0
,,,,,,,,,,,,,,,,,,,,,,,,,,,,,,,,,,5,0,3,0,0,0,0,0,1,1,0,3,2,0,2,1,1,1,0,0,0,0,0,0,0,0,0,0,0,0,0,0,0,0,0,0,0,0
,,,,,,,,,,,,,,,,,,,,,,,,,,,,,,,,,,11,0,1,2,3,2,0,0,2,1,0,8,3,0,0,1,1,7,2,0,0,0,0,0,0,0,0,0,0,0,0,0,0,0,0,0,0,0
,,,,,,,,,,,,,,,,,,,,,,,,,,,,,,,,,,12,0,0,3,1,3,3,2,0,0,0,3,9,0,2,0,5,5,0,0,0,0,0,0,0,0,0,0,0,0,0,0,0,0,0,0,0,0
,,,,,,,,,,,,,,,,,,,,,,,,,,,,,,,,,,21,0,0,6,5,2,4,3,1,0,0,6,15,0,2,0,2,15,0,2,0,0,0,0,0,0,0,0,0,0,0,0,0,0,0,0,0,0
,,,,,,,,,,,,,,,,,,,,,,,,,,,,,,,,,,32,0,0,4,13,5,5,5,0,0,0,7,25,0,4,2,4,19,0,3,0,0,0,0,0,0,0,0,0,0,0,0,0,0,0,0,0,0
,,,,,,,,,,,,,,,,,,,,,,,,,,,,,,,,,,31,0,0,9,2,7,6,3,3,1,0,17,12,2,2,2,10,17,0,0,0,0,0,0,0,0,0,0,0,0,0,0,0,0,0,0,0,0
,,,,,,,,,,,,,,,,,,,,,,,,,,,,,,,,,,40,0,0,3,8,9,8,5,4,3,0,13,27,0,6,4,12,16,0,2,0,0,0,0,0,0,0,0,0,0,0,0,0,0,0,0,0,0
,,,,,,,,,,,,,,,,,,,,,,,,,,,,,,,,,,78,1,1,14,21,18,12,7,4,1,0,37,41,0,8,6,25,30,0,9,0,0,0,0,0,1,0,0,0,1,0,0,0,0,1,0,0,0
,,,,,,,,,,,,,,,,,,,,,,,,,,,,,,,,,,96,1,0,15,21,18,17,19,2,4,0,36,58,2,7,3,38,40,3,5,0,0,0,0,1,0,0,0,0,0,1,0,0,0,1,0,0,0
,,,,,,,,,,,,,,,,,,,,,,,,,,,,,,,,,,165,1,2,31,33,41,23,18,12,5,0,81,84,0,20,8,67,62,3,5,0,0,0,0,0,0,0,1,0,1,0,0,0,0,1,0,0,0
03/19/2020,960,388,13,4,9,375,572,448,124,,971,786,185,756,69,26,43,687,215,170,45,,,6516,5000,,,,,1516,,https://www.chicago.gov/content/dam/city/sites/covid/reports/hospital-capacity/2020.03.20_COVID-19_ICU_Vent_Capacity_Daily_Report.pdf,03/19/2020,186,2,5,35,48,36,25,18,17,2,0,86,98,2,19,10,80,64,7,6,0,0,0,0,0,0,1,1,0,1,1,0,0,0,1,1,0,0
03/20/2020,995,388,50,26,24,338,607,483,124,,971,786,185,715,105,41,64,610,256,215,41,,,6518,4976,,,,,1542,,https://www.chicago.gov/content/dam/city/sites/covid/reports/hospital-capacity/2020.03.21_COVID-19_ICU_Vent_Capacity_Daily_Report.pdf,03/20/2020,154,0,2,23,22,31,30,27,15,4,0,69,85,0,20,6,76,38,2,12,0,0,0,0,0,0,0,0,0,0,0,0,0,0,0,0,0,0
03/21/2020,997,416,41,24,17,375,581,457,124,,971,786,185,692,121,35,86,571,279,233,46,,,6518,4548,,,,,1970,,https://www.chicago.gov/content/dam/city/sites/covid/reports/hospital-capacity/2020.03.22_COVID-19_ICU_Vent_Capacity_Daily_Report.pdf,03/21/2020,125,2,0,18,25,20,28,16,13,5,0,53,72,0,24,6,61,26,4,4,0,0,0,0,0,1,0,1,0,0,2,0,0,0,2,0,0,0
03/22/2020,1014,444,62,31,31,382,570,446,124,,966,781,185,730,128,39,89,602,236,194,42,,,6529,4578,,,,,1951,,https://www.chicago.gov/content/dam/city/sites/covid/reports/hospital-capacity/2020.03.23_COVID-19_ICU_Vent_Capacity_Daily_Report.pdf,03/22/2020,168,2,6,23,28,31,36,24,14,6,0,74,94,0,22,6,81,47,8,4,0,0,0,1,1,0,0,0,0,0,2,0,0,0,1,0,1,0
03/23/2020,1043,425,76,38,38,349,618,494,124,,966,781,185,630,139,55,84,491,336,275,61,,,6529,4687,,,,,1842,,https://www.chicago.gov/content/dam/city/sites/covid/reports/hospital-capacity/2020.03.24_COVID-19_ICU_Vent_Capacity_Daily_Report.pdf,03/23/2020,292,3,4,46,56,54,56,30,35,11,0,141,151,0,38,12,132,73,13,24,1,1,0,0,0,0,1,0,0,0,3,0,0,0,3,0,0,0
03/24/2020,1043,461,102,52,50,359,582,458,124,,966,781,185,674,159,60,99,515,292,230,62,,,6538,4702,,,,,1836,,https://www.chicago.gov/content/dam/city/sites/covid/reports/hospital-capacity/2020.03.25_COVID-19_ICU_Vent_Capacity_Daily_Report.pdf,03/24/2020,354,2,1,59,69,58,58,61,34,14,0,161,192,1,63,13,159,84,9,26,0,0,0,0,0,2,0,0,0,0,2,0,1,0,1,0,0,0
03/25/2020,1048,476,133,79,54,343,572,448,124,203,966,781,185,667,192,89,103,475,299,256,43,197,30,6548,4224,,,,,2324,,https://www.chicago.gov/content/dam/city/sites/covid/reports/hospital-capacity/2020.03.26_COVID-19_ICU_Vent_Capacity_Daily_Report.pdf,03/25/2020,367,5,2,51,71,71,83,33,36,20,0,170,196,1,49,10,183,85,18,22,0,0,1,0,1,1,0,2,0,3,2,0,1,0,3,1,0,0
03/26/2020,1053,422,127,88,39,295,631,507,124,231,970,785,185,724,250,143,107,474,246,209,37,121,36,6548,4698,,,,,1850,,https://www.chicago.gov/content/dam/city/sites/covid/reports/hospital-capacity/2020.03.27_COVID-19_ICU_Vent_Capacity_Daily_Report.pdf,03/26/2020,416,2,2,66,74,79,96,53,36,10,0,184,230,2,76,12,200,91,13,24,0,0,0,0,0,0,1,1,0,0,2,0,0,1,1,0,0,0
03/27/2020,1042,479,170,108,62,309,563,439,124,235,970,785,185,725,252,140,112,473,245,201,44,152,35,6564,4578,,,,,1986,,https://www.chicago.gov/content/dam/city/sites/covid/reports/hospital-capacity/2020.03.28_COVID-19_ICU_Vent_Capacity_Daily_Report.pdf,03/27/2020,404,8,4,43,62,86,101,48,37,22,1,210,192,2,68,10,206,70,13,37,0,0,0,1,1,3,3,0,0,3,5,0,2,0,4,2,0,0
03/28/2020,1053,495,180,121,59,315,558,434,124,213,970,785,185,743,272,156,116,471,227,191,36,183,17,6580,4796,,,,,1784,,https://www.chicago.gov/content/dam/city/sites/covid/reports/hospital-capacity/2020.03.29_COVID-19_ICU_Vent_Capacity_Daily_Report.pdf,03/28/2020,252,4,2,29,53,38,45,38,28,19,0,137,113,2,37,6,133,43,10,23,0,0,0,0,2,0,1,1,0,1,3,0,1,0,3,0,0,0
03/29/2020,1078,544,211,149,62,333,534,410,124,196,970,785,185,762,307,196,111,455,208,174,34,218,8,6580,4942,,,,,1638,,https://www.chicago.gov/content/dam/city/sites/covid/reports/hospital-capacity/2020.03.30_COVID-19_ICU_Vent_Capacity_Daily_Report.pdf,03/29/2020,281,21,4,30,47,54,50,48,30,18,0,127,154,0,54,11,142,37,10,27,0,1,0,1,4,4,6,5,0,4,17,0,2,2,15,2,0,0
03/30/2020,1157,597,215,140,75,382,560,436,124,214,969,786,183,732,315,180,135,417,237,197,40,176,24,6602,4694,,,,,1908,,https://www.chicago.gov/content/dam/city/sites/covid/reports/hospital-capacity/2020.03.31_COVID-19_ICU_Vent_Capacity_Daily_Report.pdf,03/30/2020,441,12,6,54,78,79,82,61,43,38,0,221,220,0,83,12,210,75,19,42,0,0,1,1,2,2,5,1,0,4,8,0,3,1,6,2,0,0
03/31/2020,1166,610,219,163,56,391,556,432,124,206,975,792,183,740,328,213,115,412,235,197,38,167,24,6556,4587,,,,,1969,,https://www.chicago.gov/content/dam/city/sites/covid/reports/hospital-capacity/2020.03.32_COVID-19_ICU_Vent_Capacity_Daily_Report.pdf,03/31/2020,486,16,5,57,104,96,92,68,37,27,0,255,223,8,105,15,216,80,16,54,0,0,0,4,1,0,5,6,0,6,10,0,2,0,14,0,0,0
04/01/2020,1210,603,246,187,59,357,607,483,124,270,984,801,183,758,386,243,143,372,226,176,50,222,26,6556,4661,,,,,1895,,https://www.chicago.gov/content/dam/city/sites/covid/reports/hospital-capacity/2020.04.02_COVID-19_ICU_Vent_Capacity_Daily_Report.pdf,04/01/2020,459,24,3,54,69,87,84,92,41,29,0,237,202,20,98,19,220,62,15,45,0,0,1,1,1,7,6,8,0,12,12,0,3,1,19,0,0,1
04/02/2020,1206,611,279,200,79,332,595,471,124,266,979,799,180,764,382,265,117,382,215,167,48,240,33,6544,4465,693,,,3772,2079,1075,https://www.chicago.gov/content/dam/city/sites/covid/reports/hospital-capacity/2020.04.03_COVID-19_ICU_Vent_Capacity_Daily_Report.pdf,04/02/2020,437,15,2,59,69,84,92,56,41,34,0,208,224,5,89,13,224,57,15,39,0,0,0,1,2,1,7,4,0,5,10,0,2,2,9,2,0,0
04/03/2020,1300,649,275,196,79,374,651,527,124,236,979,799,180,749,373,264,109,376,230,188,42,144,30,6543,4490,791,,,3699,2053,1164,https://www.chicago.gov/content/dam/city/sites/covid/reports/hospital-capacity/2020.04.04_COVID-19_ICU_Vent_Capacity_Daily_Report.pdf,04/03/2020,463,24,2,73,63,77,92,77,47,31,1,253,208,2,112,23,182,78,15,53,0,0,1,2,2,4,6,9,0,12,12,0,3,0,19,2,0,0
04/04/2020,1230,662,312,224,88,350,568,518,50,247,979,799,180,699,426,272,154,273,280,210,70,175,34,6523,4520,788,,,3732,2003,1214,https://www.chicago.gov/content/dam/city/sites/covid/reports/hospital-capacity/2020.04.05_COVID-19_ICU_Vent_Capacity_Daily_Report.pdf,04/04/2020,322,22,2,33,36,61,70,63,33,24,0,150,172,0,70,14,140,41,19,38,0,0,0,3,4,4,4,7,0,13,9,0,3,1,14,4,0,0
04/05/2020,1259,656,303,223,80,353,603,553,50,226,979,799,180,681,409,283,126,272,298,229,69,167,24,6523,4484,850,,,3634,2039,1259,https://www.chicago.gov/content/dam/city/sites/covid/reports/hospital-capacity/2020.04.06_COVID-19_ICU_Vent_Capacity_Daily_Report.pdf,04/05/2020,293,26,3,31,48,49,73,43,22,24,0,126,164,3,68,11,112,54,13,35,0,0,0,2,5,2,10,7,0,8,18,0,4,0,18,4,0,0
04/06/2020,1237,639,323,233,90,316,598,548,50,237,1010,830,180,774,426,314,112,348,236,180,56,218,35,6617,4559,889,,,3670,2058,1315,https://www.chicago.gov/content/dam/city/sites/covid/reports/hospital-capacity/2020.04.07_COVID-19_ICU_Vent_Capacity_Daily_Report.pdf,04/06/2020,579,22,5,76,94,102,112,95,54,41,0,295,269,15,135,19,217,93,25,90,0,0,0,2,5,1,8,6,0,9,13,0,3,0,16,3,0,0
04/07/2020,1250,637,326,252,74,311,613,563,50,237,1057,877,180,795,421,319,102,374,262,207,55,201,24,6918,5041,905,,,4136,1877,1326,https://www.chicago.gov/content/dam/city/sites/covid/reports/hospital-capacity/2020.04.08_COVID-19_ICU_Vent_Capacity_Daily_Report.pdf,04/07/2020,544,25,2,80,107,91,81,79,54,50,0,285,252,7,163,16,188,88,26,63,0,0,0,1,5,4,10,5,0,11,14,0,6,0,16,1,2,0
04/08/2020,1269,645,306,245,61,339,624,574,50,260,1062,882,180,800,449,333,116,351,262,216,46,162,28,7214,5297,967,,,4330,1917,1416,https://www.chicago.gov/content/dam/city/sites/covid/reports/hospital-capacity/2020.04.09_COVID-19_ICU_Vent_Capacity_Daily_Report.pdf,04/08/2020,693,35,11,81,99,104,154,129,68,47,0,312,340,41,169,21,295,100,33,75,0,0,0,1,6,8,9,11,0,13,22,0,2,2,21,10,0,0
04/09/2020,1265,652,306,251,55,346,613,563,50,266,1101,887,214,853,460,364,96,393,248,173,75,153,30,7182,5343,1000,,,4343,1839,1460,https://www.chicago.gov/content/dam/city/sites/covid/reports/hospital-capacity/2020.04.10_COVID-19_ICU_Vent_Capacity_Daily_Report.pdf,04/09/2020,575,25,10,80,103,102,130,73,42,35,0,254,312,9,172,23,205,83,29,63,0,0,0,0,3,7,5,10,0,13,12,0,5,1,14,5,0,0
04/10/2020,1291,626,313,269,44,313,665,615,50,297,1164,950,214,893,450,361,89,443,271,215,56,151,32,7243,5246,972,,,4274,1997,1422,https://www.chicago.gov/content/dam/city/sites/covid/reports/hospital-capacity/2020.04.11_COVID-19_ICU_Vent_Capacity_Daily_Report.pdf,04/10/2020,557,31,20,79,97,96,107,85,39,34,0,252,299,6,160,24,206,74,26,67,0,0,1,2,3,3,9,13,0,10,21,0,3,2,23,3,0,0
04/11/2020,1321,714,316,275,41,398,607,557,50,291,1164,950,214,908,477,391,86,431,256,199,57,133,40,7236,5384,978,,,4406,1852,1455,https://www.chicago.gov/content/dam/city/sites/covid/reports/hospital-capacity/2020.04.12_COVID-19_ICU_Vent_Capacity_Daily_Report.pdf,04/11/2020,391,33,7,52,70,65,81,53,37,26,0,182,208,1,97,18,141,53,15,67,0,0,1,2,6,7,10,7,0,16,17,0,8,1,22,2,0,0
04/12/2020,1335,638,316,264,52,322,697,647,50,252,1161,947,214,880,426,344,82,454,281,198,83,112,35,7268,5497,1032,,,4465,1771,1458,https://www.chicago.gov/content/dam/city/sites/covid/reports/hospital-capacity/2020.04.13_COVID-19_ICU_Vent_Capacity_Daily_Report.pdf,04/12/2020,333,33,28,32,55,53,58,42,34,31,0,139,177,17,88,7,113,52,20,53,0,0,1,2,3,11,6,10,0,16,17,0,4,1,20,8,0,0
04/13/2020,1341,658,325,270,55,333,683,633,50,322,1158,944,214,838,446,375,71,392,320,224,96,131,24,7286,5627,1050,,,4577,1659,1496,https://www.chicago.gov/content/dam/city/sites/covid/reports/hospital-capacity/2020.04.14_COVID-19_ICU_Vent_Capacity_Daily_Report.pdf,04/13/2020,678,33,10,100,112,124,156,86,51,39,0,342,332,4,233,24,203,92,30,96,0,0,1,5,3,8,7,9,0,15,18,0,11,2,17,3,0,0
04/14/2020,1418,733,318,265,53,415,685,635,50,260,1160,946,214,919,462,377,85,457,241,191,50,207,24,7286,5536,1119,,,4417,1750,1581,https://www.chicago.gov/content/dam/city/sites/covid/reports/hospital-capacity/2020.04.15_COVID-19_ICU_Vent_Capacity_Daily_Report.pdf,04/14/2020,646,34,16,99,120,118,120,73,51,49,0,344,301,1,225,22,185,93,36,85,0,1,2,1,3,5,9,13,0,11,23,0,8,2,12,11,0,1
04/15/2020,1425,686,331,290,41,355,739,689,50,310,1160,946,214,879,482,410,72,397,281,222,59,142,24,7286,5385,1082,,,4303,1901,1564,https://www.chicago.gov/content/dam/city/sites/covid/reports/hospital-capacity/2020.04.16_COVID-19_ICU_Vent_Capacity_Daily_Report.pdf,04/15/2020,614,31,20,90,102,108,122,83,46,43,0,292,319,3,225,20,173,60,43,93,0,1,1,3,2,5,5,14,0,8,23,0,9,3,15,4,0,0
04/16/2020,1403,671,331,296,35,340,732,682,50,314,1160,946,214,864,465,401,64,399,296,212,84,138,38,7286,5194,1138,,,4056,2092,1603,https://www.chicago.gov/content/dam/city/sites/covid/reports/hospital-capacity/2020.04.17_COVID-19_ICU_Vent_Capacity_Daily_Report.pdf,04/16/2020,670,31,8,116,115,116,119,93,61,42,0,311,351,8,228,14,196,90,28,114,0,0,0,2,2,7,8,12,0,14,17,0,5,3,16,7,0,0
04/17/2020,1419,712,313,276,37,399,707,657,50,321,1160,946,214,871,473,411,62,398,289,207,82,149,35,7369,5329,1053,,,4276,2040,1526,https://www.chicago.gov/content/dam/city/sites/covid/reports/hospital-capacity/2020.04.18_COVID-19_ICU_Vent_Capacity_Daily_Report.pdf,04/17/2020,757,41,16,128,124,144,142,112,45,46,0,379,374,4,280,21,198,110,45,103,0,0,1,2,4,7,13,14,0,13,28,0,10,2,18,10,0,1
04/18/2020,1409,725,315,278,37,410,684,634,50,244,1160,946,214,924,465,400,65,459,236,175,61,121,35,7369,5605,1008,,,4597,1764,1473,https://www.chicago.gov/content/dam/city/sites/covid/reports/hospital-capacity/2020.04.19_COVID-19_ICU_Vent_Capacity_Daily_Report.pdf,04/18/2020,527,37,13,85,100,96,90,78,44,21,0,239,283,5,170,18,156,54,25,104,0,0,0,3,4,8,12,10,0,19,18,0,12,5,18,2,0,0
04/19/2020,1409,732,323,289,34,409,677,627,50,238,1160,946,214,905,486,399,87,419,255,190,65,119,6,7369,5524,1128,,,4396,1845,1614,https://www.chicago.gov/content/dam/city/sites/covid/reports/hospital-capacity/2020.04.20_COVID-19_ICU_Vent_Capacity_Daily_Report.pdf,04/19/2020,457,36,7,68,61,66,75,72,48,60,0,208,247,2,139,20,169,53,25,51,0,0,0,3,7,8,5,13,0,11,25,0,14,4,13,4,1,0
04/20/2020,1400,745,349,307,42,396,655,605,50,272,1160,946,214,918,472,399,73,446,242,182,60,123,24,7368,5529,1228,,,4301,1839,1700,https://www.chicago.gov/content/dam/city/sites/covid/reports/hospital-capacity/2020.04.21_COVID-19_ICU_Vent_Capacity_Daily_Report.pdf,04/20/2020,974,38,23,155,178,206,192,124,54,41,1,474,490,10,393,26,239,113,45,158,0,0,1,1,4,5,9,18,0,15,23,0,11,2,15,10,0,0
04/21/2020,1420,741,314,283,31,427,679,629,50,236,1160,946,214,900,477,401,76,423,260,176,84,115,24,7368,5502,1191,,,4311,1866,1668,https://www.chicago.gov/content/dam/city/sites/covid/reports/hospital-capacity/2020.04.22_COVID-19_ICU_Vent_Capacity_Daily_Report.pdf,04/21/2020,858,34,19,147,158,156,148,107,56,67,0,432,417,9,345,12,198,108,37,158,0,1,0,2,0,7,10,14,0,13,21,0,11,2,17,4,0,0
04/22/2020,1413,770,328,290,38,442,643,593,50,254,1160,946,214,943,499,416,83,444,217,160,57,130,25,7368,5719,1292,,,4427,1649,1791,https://www.chicago.gov/content/dam/city/sites/covid/reports/hospital-capacity/2020.04.23_COVID-19_ICU_Vent_Capacity_Daily_Report.pdf,04/22/2020,1037,45,32,168,165,164,208,147,64,88,1,501,470,66,418,22,216,96,47,238,0,0,3,2,6,14,8,12,0,20,25,0,9,0,26,9,1,0
04/23/2020,1395,700,281,238,43,419,695,645,50,264,1187,973,214,933,475,390,85,458,254,178,76,116,36,7410,5569,1228,,,4341,1841,1703,https://www.chicago.gov/content/dam/city/sites/covid/reports/hospital-capacity/2020.04.24_COVID-19_ICU_Vent_Capacity_Daily_Report.pdf,04/23/2020,1441,34,32,192,201,220,232,238,158,167,1,710,630,101,454,21,306,168,76,416,0,1,1,4,2,9,7,10,0,8,26,0,12,2,14,6,0,0
04/24/2020,1756,311,335,292,43,-24,1445,1395,50,377,1330,1116,214,1095,482,396,86,613,235,178,57,151,25,7508,5653,1210,,,4443,1855,1692,https://www.chicago.gov/content/dam/city/sites/covid/reports/hospital-capacity/2020.04.25_COVID-19_ICU_Vent_Capacity_Daily_Report.pdf,04/24/2020,1058,51,28,178,170,182,183,157,72,88,0,477,521,60,402,28,194,137,62,235,0,1,2,0,6,12,13,17,0,18,33,0,12,2,21,14,2,0
04/25/2020,1684,419,323,285,38,96,1265,1215,50,326,1366,1152,214,1092,508,422,86,584,274,202,72,121,39,7502,5598,1111,,,4487,1904,1619,https://www.chicago.gov/content/dam/city/sites/covid/reports/hospital-capacity/2020.04.26_COVID-19_ICU_Vent_Capacity_Daily_Report.pdf,04/25/2020,616,39,31,116,120,128,101,65,31,24,0,299,315,2,259,14,104,67,24,148,0,0,2,1,6,6,11,13,0,14,25,0,12,2,19,6,0,0
04/26/2020,1778,840,341,305,36,499,938,888,50,368,1366,1152,214,1118,524,437,87,594,248,175,73,115,24,7528,5620,1161,,,4459,1908,1685,https://www.chicago.gov/content/dam/city/sites/covid/reports/hospital-capacity/2020.04.27_COVID-19_ICU_Vent_Capacity_Daily_Report.pdf,04/26/2020,425,49,12,82,54,95,65,56,32,29,0,221,201,3,147,16,86,55,24,97,0,1,0,4,3,13,11,17,0,22,27,0,18,2,23,6,0,0
04/27/2020,1943,995,345,312,33,650,948,898,50,306,1379,1165,214,1126,502,441,61,624,253,187,66,136,24,7540,5791,1150,,,4641,1749,1652,https://www.chicago.gov/content/dam/city/sites/covid/reports/hospital-capacity/2020.04.28_COVID-19_ICU_Vent_Capacity_Daily_Report.pdf,04/27/2020,1137,35,42,229,200,230,198,123,50,65,0,558,548,31,501,23,172,101,67,273,0,0,0,1,3,4,14,13,0,11,24,0,8,1,19,7,0,0
04/28/2020,2103,1025,339,313,26,686,1078,1028,50,335,1333,1119,214,1065,505,421,84,560,268,183,85,131,35,7541,5706,1316,,,4390,1835,1821,https://www.chicago.gov/content/dam/city/sites/covid/reports/hospital-capacity/2020.04.29_COVID-19_ICU_Vent_Capacity_Daily_Report.pdf,04/28/2020,1285,54,67,243,228,248,243,148,61,47,0,596,649,40,559,15,210,87,84,330,0,0,0,3,5,9,9,28,0,22,32,0,11,5,25,13,0,0
04/29/2020,1999,1017,342,328,14,675,982,932,50,336,1333,1119,214,1055,511,443,68,544,278,203,75,112,25,7546,5686,1253,,,4433,1860,1764,https://www.chicago.gov/content/dam/city/sites/covid/reports/hospital-capacity/2020.04.30_COVID-19_ICU_Vent_Capacity_Daily_Report.pdf,04/29/2020,1139,42,54,205,227,217,199,117,61,59,0,524,578,37,501,15,159,108,47,309,0,1,1,3,4,5,9,19,0,20,22,0,16,3,13,10,0,0
04/30/2020,1979,1050,339,320,19,711,929,879,50,331,1333,1119,214,1058,477,417,60,581,275,202,73,113,4,7543,5437,1194,,,4243,2106,1671,https://www.chicago.gov/content/dam/city/sites/covid/reports/hospital-capacity/2020.04.31_COVID-19_ICU_Vent_Capacity_Daily_Report.pdf,04/30/2020,1250,37,57,225,221,221,183,149,93,101,0,608,615,27,526,18,192,142,50,322,0,0,3,0,3,8,11,12,0,16,21,0,13,1,16,6,0,1
05/01/2020,1937,1008,361,338,23,647,929,879,50,268,1353,1139,214,1036,470,429,41,566,317,242,75,106,21,7541,5698,1230,,,4468,1843,1700,https://www.chicago.gov/content/dam/city/sites/covid/reports/hospital-capacity/2020.05.02_COVID-19_ICU_Vent_Capacity_Daily_Report.pdf,05/01/2020,1149,38,57,222,216,199,190,132,69,64,0,604,514,31,521,26,179,106,46,271,0,1,0,1,4,11,8,13,0,13,25,0,12,1,15,9,0,1
05/02/2020,1924,1068,342,322,20,726,856,806,50,260,1357,1143,214,1090,478,428,50,612,267,201,66,83,14,7467,5560,1134,,,4426,1907,1612,https://www.chicago.gov/content/dam/city/sites/covid/reports/hospital-capacity/2020.05.03_COVID-19_ICU_Vent_Capacity_Daily_Report.pdf,05/02/2020,704,50,24,141,119,152,137,76,39,16,0,340,360,4,341,9,103,52,22,177,0,0,0,1,9,14,11,15,0,20,30,0,11,3,24,11,1,0
05/03/2020,1922,1049,330,315,15,719,873,823,50,261,1357,1143,214,1097,486,440,46,611,260,186,74,67,25,7467,5658,1167,,,4491,1809,1653,https://www.chicago.gov/content/dam/city/sites/covid/reports/hospital-capacity/2020.05.04_COVID-19_ICU_Vent_Capacity_Daily_Report.pdf,05/03/2020,452,42,10,98,74,75,79,61,28,27,0,204,236,12,186,8,101,36,20,101,0,0,0,2,4,12,12,12,0,19,23,0,19,0,15,7,1,0
05/04/2020,2023,1041,331,315,16,710,982,932,50,367,1358,1144,214,1059,494,442,52,565,299,240,59,86,10,7476,5694,1181,,,4513,1782,1675,https://www.chicago.gov/content/dam/city/sites/covid/reports/hospital-capacity/2020.05.05_COVID-19_ICU_Vent_Capacity_Daily_Report.pdf,05/04/2020,1126,49,59,216,223,241,177,114,54,42,0,559,547,20,511,24,175,97,42,277,0,1,0,0,4,10,16,18,0,23,26,0,17,2,20,9,1,0
05/05/2020,2071,1029,332,313,19,697,1042,992,50,353,1435,1205,230,1124,462,416,46,662,311,240,71,94,28,7502,5665,1120,,,4545,1837,1582,https://www.chicago.gov/content/dam/city/sites/covid/reports/hospital-capacity/2020.05.06_COVID-19_ICU_Vent_Capacity_Daily_Report.pdf,05/05/2020,1078,57,52,204,203,218,202,121,50,28,0,543,491,44,476,16,146,87,50,303,0,1,1,1,0,11,16,27,0,26,31,0,16,5,20,15,0,1
05/06/2020,2137,1117,321,303,18,796,1020,970,50,301,1431,1201,230,1120,480,442,38,640,311,238,73,102,28,7576,5937,1191,,,4746,1639,1671,https://www.chicago.gov/content/dam/city/sites/covid/reports/hospital-capacity/2020.05.07_COVID-19_ICU_Vent_Capacity_Daily_Report.pdf,05/06/2020,964,44,55,188,161,210,165,96,51,38,0,465,463,36,454,12,136,82,37,243,0,0,1,3,5,11,9,15,0,15,29,0,12,5,14,12,0,1
05/07/2020,1985,625,327,306,21,298,1360,1310,50,341,1437,1207,230,1176,472,436,36,704,261,211,50,96,4,7577,5905,1170,920,250,4735,1672,1642,https://www.chicago.gov/content/dam/city/sites/covid/reports/hospital-capacity/2020.05.08_COVID-19_ICU_Vent_Capacity_Daily_Report.pdf,05/07/2020,932,48,58,180,191,172,146,115,38,32,0,477,444,11,420,9,118,82,47,256,0,0,1,2,8,14,9,14,0,20,28,0,16,3,20,8,0,1
05/08/2020,2067,660,328,311,17,332,1407,1357,50,220,1427,1197,230,1167,476,424,52,691,260,217,43,68,13,7591,5963,1231,936,295,4732,1628,1707,https://www.chicago.gov/content/dam/city/sites/covid/reports/hospital-capacity/2020.05.09_COVID-19_ICU_Vent_Capacity_Daily_Report.pdf,05/08/2020,924,43,52,168,192,194,153,87,44,34,0,439,464,21,430,14,120,73,43,244,0,0,0,1,4,13,11,14,0,20,23,0,15,0,16,12,0,0
05/09/2020,2076,791,329,306,23,462,1285,1235,50,193,1427,1197,230,1132,494,426,68,638,295,234,61,76,24,7591,5869,1075,815,260,4794,1722,1569,https://www.chicago.gov/content/dam/city/sites/covid/reports/hospital-capacity/2020.05.10_COVID-19_ICU_Vent_Capacity_Daily_Report.pdf,05/09/2020,522,50,34,104,101,99,89,54,28,13,0,262,256,4,243,9,88,36,17,129,0,0,0,3,6,6,11,24,0,22,28,0,24,3,14,8,1,0
05/10/2020,2094,812,322,302,20,490,1282,1232,50,267,1427,1197,230,1146,496,438,58,650,281,209,72,116,23,7591,5813,1069,767,302,4744,1778,1565,https://www.chicago.gov/content/dam/city/sites/covid/reports/hospital-capacity/2020.05.11_COVID-19_ICU_Vent_Capacity_Daily_Report.pdf,05/10/2020,305,39,17,58,52,65,42,40,14,17,0,139,165,1,120,7,61,37,14,66,0,0,1,3,2,11,8,14,0,15,24,0,14,2,15,7,1,0
05/11/2020,2115,739,330,306,24,409,1376,1326,50,296,1436,1206,230,1176,492,437,55,684,260,210,50,297,2,7593,5790,1237,929,308,4553,1803,1729,https://www.chicago.gov/content/dam/city/sites/covid/reports/hospital-capacity/2020.05.12_COVID-19_ICU_Vent_Capacity_Daily_Report.pdf,05/11/2020,1010,40,61,204,198,192,142,115,68,30,0,506,485,19,513,13,145,79,29,231,0,0,1,3,6,5,6,19,0,15,25,0,16,0,17,7,0,0
05/12/2020,2098,777,336,317,19,441,1321,1271,50,504,1407,1177,230,1176,503,439,64,673,231,176,55,277,4,7601,5885,1213,876,337,4672,1716,1716,https://www.chicago.gov/content/dam/city/sites/covid/reports/hospital-capacity/2020.05.13_COVID-19_ICU_Vent_Capacity_Daily_Report.pdf,05/12/2020,939,46,64,177,177,182,161,93,49,36,0,487,447,5,435,11,155,90,20,228,0,0,4,2,4,10,7,19,0,12,34,0,20,2,19,5,0,0
05/13/2020,2106,756,325,304,21,431,1350,1300,50,322,1407,1177,230,1173,474,425,49,699,234,185,49,292,22,7612,5937,1188,851,337,4749,1675,1662,https://www.chicago.gov/content/dam/city/sites/covid/reports/hospital-capacity/2020.05.14_COVID-19_ICU_Vent_Capacity_Daily_Report.pdf,05/13/2020,870,43,56,186,166,159,136,95,40,32,0,444,419,7,408,12,119,68,25,238,0,0,2,3,4,13,9,12,0,15,28,0,17,4,13,7,1,1
05/14/2020,2117,781,322,295,27,459,1336,1286,50,312,1412,1182,230,1168,456,397,59,712,244,202,42,117,20,7593,6043,1219,869,350,4824,1550,1675,https://www.chicago.gov/content/dam/city/sites/covid/reports/hospital-capacity/2020.05.15_COVID-19_ICU_Vent_Capacity_Daily_Report.pdf,05/14/2020,767,43,48,167,150,130,107,93,43,29,0,392,360,15,316,12,150,69,36,184,1,0,4,1,4,5,7,21,0,20,23,0,13,4,20,5,1,0
05/15/2020,2117,707,310,284,26,397,1410,1360,50,298,1487,1257,230,1204,446,394,52,758,283,241,42,84,20,7702,6013,1148,833,315,4865,1689,1594,https://www.chicago.gov/content/dam/city/sites/covid/reports/hospital-capacity/2020.05.16_COVID-19_ICU_Vent_Capacity_Daily_Report.pdf,05/15/2020,986,50,81,188,203,172,141,100,65,36,0,545,430,11,442,11,162,80,35,256,0,0,2,1,7,14,12,14,0,16,34,0,19,0,12,17,2,0
05/16/2020,2137,800,285,258,27,515,1337,1287,50,216,1495,1265,230,1185,425,375,50,760,310,265,45,31,2,7875,6017,1099,756,343,4918,1858,1524,https://www.chicago.gov/content/dam/city/sites/covid/reports/hospital-capacity/2020.05.17_COVID-19_ICU_Vent_Capacity_Daily_Report.pdf,05/16/2020,505,29,35,105,86,92,75,58,33,21,0,275,223,7,198,11,91,48,16,141,0,0,1,3,0,6,5,14,0,9,20,0,9,1,13,6,0,0
05/17/2020,2162,748,292,267,25,456,1414,1364,50,184,1514,1283,231,1133,432,374,58,701,381,315,66,69,2,7872,5939,1063,754,309,4876,1933,1495,https://www.chicago.gov/content/dam/city/sites/covid/reports/hospital-capacity/2020.05.18_COVID-19_ICU_Vent_Capacity_Daily_Report.pdf,05/17/2020,328,41,17,56,57,37,64,45,22,30,0,158,168,2,135,6,67,31,14,75,0,0,1,1,3,14,9,13,0,16,25,0,18,2,13,7,1,0
05/18/2020,2227,801,290,260,30,511,1426,1376,50,,1515,1284,231,1113,440,376,64,673,402,332,70,,,8196,6027,1148,752,396,4879,2169,1588,https://www.chicago.gov/content/dam/city/sites/covid/reports/hospital-capacity/2020.05.19_COVID-19_ICU_Vent_Capacity_Daily_Report.pdf,05/18/2020,940,33,64,233,153,188,147,84,46,24,1,493,434,13,417,10,142,67,35,269,0,0,2,2,2,5,10,12,0,13,20,0,10,1,13,9,0,0
05/19/2020,2191,787,278,255,23,509,1404,1354,50,,1361,1166,195,930,420,350,70,510,431,356,75,,,7530,5522,1091,741,350,4431,2008,1511,https://www.chicago.gov/content/dam/city/sites/covid/reports/hospital-capacity/2020.05.20_COVID-19_ICU_Vent_Capacity_Daily_Report.pdf,05/19/2020,884,27,77,213,174,145,126,80,40,27,2,444,434,6,402,12,136,69,40,225,0,1,1,3,6,5,6,5,0,8,19,0,10,2,11,3,0,1
05/20/2020,2231,772,265,249,16,507,1459,1409,50,,1265,1100,165,890,419,361,58,471,375,312,63,,,7588,5603,1047,707,340,4556,1985,1466,https://www.chicago.gov/content/dam/city/sites/covid/reports/hospital-capacity/2020.05.21_COVID-19_ICU_Vent_Capacity_Daily_Report.pdf,05/20/2020,768,29,56,207,131,138,106,75,37,16,2,397,360,11,349,4,138,58,23,196,0,1,1,1,6,10,4,6,0,7,22,0,15,3,7,4,0,0
05/21/2020,2216,729,273,252,21,456,1487,1437,50,,1258,1093,165,911,420,361,59,491,347,282,65,,,7592,5583,992,646,346,4591,2009,1412,https://www.chicago.gov/content/dam/city/sites/covid/reports/hospital-capacity/2020.05.22_COVID-19_ICU_Vent_Capacity_Daily_Report.pdf,05/21/2020,797,34,71,179,134,121,123,76,51,42,0,414,366,17,358,22,127,48,28,214,0,0,1,0,3,13,11,6,0,14,20,0,15,1,6,11,1,0
05/22/2020,2214,668,275,251,24,393,1546,1496,50,,1260,1095,165,847,407,356,51,440,413,346,67,,,7599,5554,982,646,336,4572,2045,1389,https://www.chicago.gov/content/dam/city/sites/covid/reports/hospital-capacity/2020.05.23_COVID-19_ICU_Vent_Capacity_Daily_Report.pdf,05/22/2020,709,34,60,153,136,123,106,73,35,23,0,366,335,8,333,10,137,60,26,143,0,0,0,0,6,9,8,11,0,16,18,0,10,2,14,8,0,0
05/23/2020,2211,754,270,254,16,484,1457,1407,50,,1260,1095,165,876,398,345,53,478,384,332,52,,,7597,5340,909,591,318,4431,2257,1307,https://www.chicago.gov/content/dam/city/sites/covid/reports/hospital-capacity/2020.05.24_COVID-19_ICU_Vent_Capacity_Daily_Report.pdf,05/23/2020,322,27,31,63,57,53,53,35,18,12,0,172,148,2,119,7,65,31,11,89,0,0,1,1,2,3,8,12,0,14,13,0,8,0,9,10,0,0
05/24/2020,2206,758,273,254,19,485,1448,1398,50,,1260,1095,165,865,415,360,55,450,395,347,48,,,7597,5310,912,594,318,4398,2287,1327,https://www.chicago.gov/content/dam/city/sites/covid/reports/hospital-capacity/2020.05.25_COVID-19_ICU_Vent_Capacity_Daily_Report.pdf,05/24/2020,281,27,17,56,42,49,33,47,22,15,0,149,131,1,113,3,47,18,13,87,0,0,0,4,2,6,8,7,0,14,13,0,9,0,12,6,0,0
05/25/2020,2197,714,261,241,20,453,1483,1433,50,,1260,1095,165,866,401,343,58,465,394,347,47,,,7597,5553,949,614,335,4604,2044,1350,https://www.chicago.gov/content/dam/city/sites/covid/reports/hospital-capacity/2020.05.26_COVID-19_ICU_Vent_Capacity_Daily_Report.pdf,05/25/2020,252,21,7,35,33,40,43,50,27,17,0,121,127,4,71,6,63,40,3,69,0,0,1,0,3,3,7,7,0,10,11,0,5,0,9,6,1,0
05/26/2020,2213,677,261,240,21,416,1536,1486,50,,1281,1116,165,884,411,352,59,473,397,349,48,,,7604,5433,964,637,327,4469,2171,1375,https://www.chicago.gov/content/dam/city/sites/covid/reports/hospital-capacity/2020.05.27_COVID-19_ICU_Vent_Capacity_Daily_Report.pdf,05/26/2020,734,22,60,161,127,135,119,73,39,20,0,381,345,8,340,12,104,55,36,187,0,0,0,0,2,8,8,4,0,7,15,0,6,1,12,3,0,0
05/27/2020,2212,615,239,219,20,376,1597,1547,50,,1298,1132,166,900,398,336,62,502,398,348,50,,,7702,5623,935,614,321,4688,2079,1333,https://www.chicago.gov/content/dam/city/sites/covid/reports/hospital-capacity/2020.05.28_COVID-19_ICU_Vent_Capacity_Daily_Report.pdf,05/27/2020,588,25,66,120,96,109,83,61,32,21,0,303,273,12,278,9,95,46,19,141,0,0,2,1,1,6,7,8,0,9,16,0,10,1,9,5,0,0
05/28/2020,2214,699,250,230,20,449,1515,1465,50,,1326,1160,166,858,385,323,62,473,468,397,71,,,7768,5762,872,548,324,4890,2006,1257,https://www.chicago.gov/content/dam/city/sites/covid/reports/hospital-capacity/2020.05.29_COVID-19_ICU_Vent_Capacity_Daily_Report.pdf,05/28/2020,508,22,41,106,87,94,67,61,28,24,0,250,251,7,203,7,106,55,16,121,0,0,0,1,4,2,4,11,0,11,11,0,10,0,7,5,0,0
05/29/2020,2194,709,240,228,12,469,1485,1435,50,,1326,1160,166,890,360,316,44,530,436,384,52,,,7781,5490,822,527,295,4668,2291,1182,https://www.chicago.gov/content/dam/city/sites/covid/reports/hospital-capacity/2020.05.30_COVID-19_ICU_Vent_Capacity_Daily_Report.pdf,05/29/2020,460,19,32,120,69,83,74,41,18,23,0,248,207,5,188,11,77,29,20,135,0,0,0,1,3,4,7,4,0,12,7,0,6,0,10,2,1,0
05/30/2020,2216,697,235,223,12,462,1519,1469,50,,1312,1146,166,874,373,318,55,501,438,367,71,,,7774,5471,776,508,268,4695,2303,1149,https://www.chicago.gov/content/dam/city/sites/covid/reports/hospital-capacity/2020.05.31_COVID-19_ICU_Vent_Capacity_Daily_Report.pdf,05/30/2020,231,19,23,51,38,39,40,23,11,6,0,125,104,2,87,3,45,17,8,71,0,0,0,1,1,7,5,5,0,9,10,0,10,0,4,4,1,0
05/31/2020,2213,671,231,218,13,440,1542,1492,50,,1309,1141,168,876,353,292,61,523,433,377,56,,,7772,5469,752,496,256,4717,2303,1105,https://www.chicago.gov/content/dam/city/sites/covid/reports/hospital-capacity/2020.05.32_COVID-19_ICU_Vent_Capacity_Daily_Report.pdf,05/31/2020,120,22,16,29,19,22,11,13,5,5,0,59,60,1,38,1,36,5,1,39,0,0,0,3,1,4,7,7,0,10,12,0,7,0,10,5,0,0
06/01/2020,2204,644,223,205,18,421,1560,1510,50,,1234,1069,165,770,345,286,59,425,464,394,70,,,7773,5501,772,495,277,4729,2272,1117,https://www.chicago.gov/content/dam/city/sites/covid/reports/hospital-capacity/2020.06.02_COVID-19_ICU_Vent_Capacity_Daily_Report.pdf,06/01/2020,233,19,21,52,34,32,34,17,18,25,0,134,98,1,77,10,47,24,14,61,0,0,0,0,2,4,3,10,0,12,7,0,5,1,9,3,0,1
06/02/2020,2207,675,212,200,12,463,1532,1482,50,,1227,1061,166,763,332,281,51,431,464,395,69,,,7768,5351,797,502,295,4554,2417,1129,https://www.chicago.gov/content/dam/city/sites/covid/reports/hospital-capacity/2020.06.03_COVID-19_ICU_Vent_Capacity_Daily_Report.pdf,06/02/2020,247,23,14,33,43,45,32,34,20,26,0,114,110,23,76,9,49,18,12,83,0,0,0,0,3,3,4,13,0,12,11,0,14,2,4,3,0,0
06/03/2020,2206,649,232,212,20,417,1557,1507,50,,1313,1134,179,842,338,279,59,504,471,398,73,,,7776,5452,818,498,320,4634,2324,1156,https://www.chicago.gov/content/dam/city/sites/covid/reports/hospital-capacity/2020.06.04_COVID-19_ICU_Vent_Capacity_Daily_Report.pdf,06/03/2020,275,20,24,59,46,39,43,31,18,15,0,149,125,1,98,3,66,22,21,65,0,2,0,0,0,1,8,9,0,9,11,0,8,0,7,5,0,0
06/04/2020,2207,638,216,198,18,422,1569,1519,50,,1320,1141,179,826,312,269,43,514,494,413,81,,,7764,5314,721,437,284,4593,2450,1033,https://www.chicago.gov/content/dam/city/sites/covid/reports/hospital-capacity/2020.06.05_COVID-19_ICU_Vent_Capacity_Daily_Report.pdf,06/04/2020,282,14,21,81,55,49,34,24,9,8,1,142,135,5,102,5,63,20,8,84,0,0,2,1,0,6,4,1,0,5,9,0,6,1,7,0,0,0
06/05/2020,2199,703,211,193,18,492,1496,1446,50,,1320,1141,179,819,331,278,53,488,501,428,73,,,7776,5059,691,417,274,4368,2717,1022,https://www.chicago.gov/content/dam/city/sites/covid/reports/hospital-capacity/2020.06.06_COVID-19_ICU_Vent_Capacity_Daily_Report.pdf,06/05/2020,311,18,35,64,61,44,47,30,19,10,1,161,147,3,146,4,43,24,11,83,0,0,0,0,3,1,9,5,0,10,8,0,5,0,7,6,0,0
06/06/2020,2213,738,187,170,17,551,1475,1425,50,,1320,1141,179,769,284,228,56,485,551,462,89,,,7776,5212,646,420,226,4566,2564,930,https://www.chicago.gov/content/dam/city/sites/covid/reports/hospital-capacity/2020.06.07_COVID-19_ICU_Vent_Capacity_Daily_Report.pdf,06/06/2020,164,20,18,33,21,35,26,19,8,4,0,84,79,1,74,1,24,17,7,41,0,0,1,1,0,7,7,4,0,7,13,0,8,1,9,2,0,0
06/07/2020,2178,699,185,169,16,514,1479,1429,50,,1320,1141,179,800,280,226,54,520,520,452,68,,,7776,5231,607,368,239,4624,2545,887,https://www.chicago.gov/content/dam/city/sites/covid/reports/hospital-capacity/2020.06.08_COVID-19_ICU_Vent_Capacity_Daily_Report.pdf,06/07/2020,109,17,2,29,29,15,13,9,7,5,0,52,57,0,41,2,20,10,4,32,0,0,1,2,1,7,1,5,0,5,12,0,9,0,6,2,0,0
06/08/2020,2179,596,197,155,42,399,1583,1533,50,,1327,1148,179,741,300,245,55,441,586,476,110,,,7868,5176,707,390,317,4469,2692,1007,https://www.chicago.gov/content/dam/city/sites/covid/reports/hospital-capacity/2020.06.09_COVID-19_ICU_Vent_Capacity_Daily_Report.pdf,06/08/2020,218,15,11,47,37,42,34,21,15,11,0,113,99,6,85,3,35,26,12,57,0,0,1,1,2,2,3,6,0,6,9,0,5,1,5,3,1,0
06/09/2020,2178,616,177,167,10,439,1562,1512,50,,1288,1109,179,739,281,228,53,458,549,444,105,,,7831,5298,611,357,254,4687,2533,892,https://www.chicago.gov/content/dam/city/sites/covid/reports/hospital-capacity/2020.06.10_COVID-19_ICU_Vent_Capacity_Daily_Report.pdf,06/09/2020,225,20,15,42,29,41,42,34,12,10,0,108,113,4,76,4,31,30,12,72,0,0,0,1,6,4,3,6,0,5,15,0,10,0,7,3,0,0
06/10/2020,2213,707,176,161,15,531,1506,1456,50,,1308,1129,179,803,259,202,57,544,505,438,67,,,7940,5427,649,375,274,4778,2513,908,https://www.chicago.gov/content/dam/city/sites/covid/reports/hospital-capacity/2020.06.11_COVID-19_ICU_Vent_Capacity_Daily_Report.pdf,06/10/2020,207,9,8,48,39,27,33,26,18,8,0,113,88,6,63,3,37,25,9,70,0,0,1,1,2,0,4,1,0,3,6,0,4,1,4,0,0,0
06/11/2020,2197,672,174,162,12,498,1525,1475,50,,1303,1132,171,783,244,209,35,539,520,442,78,,,7969,5311,607,349,258,4704,2658,851,https://www.chicago.gov/content/dam/city/sites/covid/reports/hospital-capacity/2020.06.12_COVID-19_ICU_Vent_Capacity_Daily_Report.pdf,06/11/2020,180,9,16,56,25,25,30,16,9,3,0,92,83,5,69,4,22,17,3,65,0,0,0,1,1,1,2,4,0,4,5,0,3,1,3,2,0,0
06/12/2020,2191,641,161,149,12,480,1550,1500,50,,1303,1132,171,806,217,190,27,589,497,441,56,,,7947,5269,591,326,265,4678,2678,808,https://www.chicago.gov/content/dam/city/sites/covid/reports/hospital-capacity/2020.06.13_COVID-19_ICU_Vent_Capacity_Daily_Report.pdf,06/12/2020,199,20,16,50,33,39,27,16,9,9,0,113,82,4,82,1,29,13,11,63,0,0,1,0,3,7,6,3,0,9,11,0,9,0,8,3,0,0
06/13/2020,2197,645,146,133,13,499,1552,1502,50,,1301,1130,171,790,219,182,37,571,511,464,47,,,7929,5199,474,262,212,4725,2730,693,https://www.chicago.gov/content/dam/city/sites/covid/reports/hospital-capacity/2020.06.14_COVID-19_ICU_Vent_Capacity_Daily_Report.pdf,06/13/2020,122,17,13,28,18,16,19,14,8,6,0,67,55,0,39,0,18,16,12,37,0,0,0,0,3,4,5,5,0,10,7,0,3,1,6,7,0,0
06/14/2020,2197,740,142,127,15,598,1457,1407,50,,1301,1130,171,763,215,177,38,548,538,486,52,,,7930,5232,445,217,228,4787,2698,660,https://www.chicago.gov/content/dam/city/sites/covid/reports/hospital-capacity/2020.06.15_COVID-19_ICU_Vent_Capacity_Daily_Report.pdf,06/14/2020,90,11,6,22,18,15,16,6,2,5,0,43,47,0,26,1,20,3,5,35,0,0,0,1,1,2,2,5,0,5,6,0,5,0,2,4,0,0
06/15/2020,2220,660,152,136,16,508,1560,1510,50,,1304,1133,171,737,211,161,50,526,567,499,68,,,7937,5057,514,259,255,4543,2880,725,https://www.chicago.gov/content/dam/city/sites/covid/reports/hospital-capacity/2020.06.16_COVID-19_ICU_Vent_Capacity_Daily_Report.pdf,06/15/2020,192,19,28,41,36,31,26,21,8,0,1,102,84,6,62,5,34,11,7,73,0,0,0,1,1,2,4,11,0,8,11,0,4,3,4,8,0,0
06/16/2020,2208,678,147,132,15,531,1530,1480,50,,1297,1126,171,775,205,164,41,570,522,465,57,,,7967,5359,520,270,250,4839,2608,725,https://www.chicago.gov/content/dam/city/sites/covid/reports/hospital-capacity/2020.06.17_COVID-19_ICU_Vent_Capacity_Daily_Report.pdf,06/16/2020,180,11,16,49,30,31,28,18,3,5,0,96,82,2,56,2,37,14,6,65,0,1,0,2,4,1,1,2,0,5,6,0,9,0,1,1,0,0
06/17/2020,2201,693,131,107,24,562,1508,1458,50,,1289,1118,171,801,205,157,48,596,488,436,52,,,7967,5453,469,246,223,4984,2514,674,https://www.chicago.gov/content/dam/city/sites/covid/reports/hospital-capacity/2020.06.18_COVID-19_ICU_Vent_Capacity_Daily_Report.pdf,06/17/2020,150,18,10,41,23,22,18,17,10,9,0,67,81,2,43,2,28,24,5,48,0,0,0,2,3,5,5,3,0,9,9,0,9,1,3,5,0,0
06/18/2020,2201,649,127,112,15,522,1552,1502,50,,1289,1118,171,779,188,146,42,591,510,464,46,,,7967,5476,513,267,246,4963,2491,701,https://www.chicago.gov/content/dam/city/sites/covid/reports/hospital-capacity/2020.06.19_COVID-19_ICU_Vent_Capacity_Daily_Report.pdf,06/18/2020,113,12,7,24,20,22,20,8,5,7,0,60,53,0,37,0,21,18,6,31,0,0,1,1,0,4,3,3,0,6,6,0,6,0,5,1,0,0
06/19/2020,2168,571,118,97,21,453,1597,1547,50,,1292,1121,171,817,163,131,32,654,475,439,36,,,7967,5524,501,254,247,5023,2443,664,https://www.chicago.gov/content/dam/city/sites/covid/reports/hospital-capacity/2020.06.20_COVID-19_ICU_Vent_Capacity_Daily_Report.pdf,06/19/2020,133,13,13,40,25,14,21,15,3,2,0,71,62,0,40,1,33,13,8,38,0,0,0,1,4,1,2,5,0,6,7,0,5,0,3,5,0,0
06/20/2020,2167,613,92,81,11,521,1554,1504,50,,1292,1121,171,737,163,124,39,574,555,504,51,,,7963,5450,471,231,240,4979,2513,634,https://www.chicago.gov/content/dam/city/sites/covid/reports/hospital-capacity/2020.06.21_COVID-19_ICU_Vent_Capacity_Daily_Report.pdf,06/20/2020,72,7,11,17,9,13,11,3,4,3,1,42,30,0,34,1,9,14,6,8,0,0,1,0,1,2,1,2,0,2,5,0,6,0,1,0,0,0
06/21/2020,2185,664,87,73,14,577,1521,1471,50,,1292,1121,171,817,162,117,45,655,475,423,52,,,7963,5001,429,214,215,4572,2962,591,https://www.chicago.gov/content/dam/city/sites/covid/reports/hospital-capacity/2020.06.22_COVID-19_ICU_Vent_Capacity_Daily_Report.pdf,06/21/2020,9,0,1,1,2,2,1,1,1,0,0,7,2,0,0,0,4,1,2,2,0,0,0,0,0,0,0,0,0,0,0,0,0,0,0,0,0,0
06/22/2020,2183,603,98,81,17,505,1580,1530,50,,1288,1117,171,755,164,118,46,591,533,481,52,,,7963,5196,498,232,266,4698,2767,662,https://www.chicago.gov/content/dam/city/sites/covid/reports/hospital-capacity/2020.06.23_COVID-19_ICU_Vent_Capacity_Daily_Report.pdf,06/22/2020,,,,,,,,,,,,,,,,,,,,,,,,,,,,,,,,,,,,,,
06/23/2020,2184,552,98,80,18,454,1632,1582,50,,1288,1117,171,774,152,106,46,622,514,468,46,,,7963,5427,500,260,240,4927,2536,652,https://www.chicago.gov/content/dam/city/sites/covid/reports/hospital-capacity/2020.06.24_COVID-19_ICU_Vent_Capacity_Daily_Report.pdf,06/23/2020,,,,,,,,,,,,,,,,,,,,,,,,,,,,,,,,,,,,,,
